email,first_name,last_name,phone,company,reason
Subhranil,Last Name,subhranil.roy@vinspirer.com,Cold,V Inspirer,India,Carterpuri,Haryana,Facilities Management & Commercial Cleaning,,,,31,Missing required fields (email, first_name, last_name)
Paul,Roy,paul.thomas@4armsfacilities.com,Cold,4Arms Facilities Pvt,India,,,Facilities Management & Commercial Cleaning,,,,7,Missing required fields (email, first_name, last_name)
Suhasini,Thomas,suhasini@fidelituscorp.com,Cold,Fidelitus,India,Viveknagar,Karnataka,Facilities Management & Commercial Cleaning,,,,469,Missing required fields (email, first_name, last_name)
Dattatraya,Deshpande,dattatraya.gayakwad@otis.com,Cold,OTIS,United States,Farmington,Maharashtra,Industrial Machinery & Equipment,,91 22 6679 5264,,71,000.00,Missing required fields (email, first_name, last_name)
Rakesh,Gayakwad,rakesh.kapoor@pre-serve.in,Cold,Preserve Team,India,,,Facilities Management & Commercial Cleaning,,91 124 406 8855,,28,Missing required fields (email, first_name, last_name)
Mohit,Kapoor,ms@friendizz.in,Cold,Friendizz,India,Hadpsar I.E.,Maharashtra,Facilities Management & Commercial Cleaning,,,,4,Missing required fields (email, first_name, last_name)
Prashanth,Suryawanshi,prashanth.bajaj@lindstromgroup.com,Cold,Lindstr??m Group,Finland,Helsinki,Karnataka,Facilities Management & Commercial Cleaning,,91 98109 64352,,4,700.00,Missing required fields (email, first_name, last_name)
Manish,Bajaj,manish.mamtani@compass-group.com,Cold,Compass Group India Support Services Pvt,India,Gurgaon South City Ii,Haryana,Facilities Management & Commercial Cleaning,,,,1,561.00,Missing required fields (email, first_name, last_name)
Anish,Mamtani,anish.sarkar@pluxeegroup.com,Cold,Sodexo,France,Issy-les-Moulineaux,Maharashtra,Food Service,,91 98201 29911,,3,15,147.00,Missing required fields (email, first_name, last_name)
